NGO Name,Latitude,Longitude,Average Age of Beneficiaries,People Count,Last Food Received (hrs),Food Stock Level (%),Urgency Score
Akshaya Trust,13.036686181790904,80.26158682618033,60,192,1,44,208.61
Nice Foundation,13.054744424304848,80.21601731335822,22,128,3,5,223.215
Mudhra,13.054172304317786,80.22901304859218,36,155,12,83,133.035
Mudhra,13.057205620936088,80.22997440249682,43,119,23,47,182.07
Ekam Foundation,13.06437158750584,80.20663689702825,39,50,24,34,164.8
India Vision Institute,13.079228538953515,80.24329926820582,24,117,8,70,126.325
Akshaya Trust,13.026584269550208,80.26078134154045,59,174,24,28,245.87
Life Help Centre,13.0034595608886,80.2581178184062,64,171,14,52,201.075
India Vision Institute,13.078089866652851,80.23609430250498,36,72,2,59,119.175
The Banyan,13.071847897464895,80.18640123109124,27,150,23,73,151.61
Life Help Centre,13.001469711280118,80.2649584104501,64,131,11,4,245.615
Akshaya Trust,13.024178646474647,80.26735940414854,57,152,19,41,211.12
Akshaya Trust,13.033186434241644,80.27372111562464,39,172,16,25,233.575
Bhumi,13.08620997259954,80.27104641874493,23,91,13,27,180.255
Sri Arunodayam,13.08494157717377,80.244900281595,49,183,22,47,215.26
India Vision Institute,13.06895826594178,80.23216414015077,37,110,19,31,195.215
Sri Arunodayam,13.086560914526627,80.25172226291485,56,147,9,83,137.225
Bhumi,13.076901010493916,80.2702913446538,57,167,20,21,248.34
Life Help Centre,12.994815533722788,80.26491674571288,27,109,8,81,103.495
The Banyan,13.0732256482537,80.17549133682108,46,105,8,87,104.485
India Vision Institute,13.063278326908824,80.2309589103083,41,94,20,34,185.69
Sri Arunodayam,13.08902222946242,80.25713043417426,37,181,15,70,167.695
The Banyan,13.07188505184306,80.1764226253319,46,141,12,44,188.11
Life Help Centre,12.993991769067993,80.25429091484463,37,195,21,34,226.58
Akshaya Trust,13.03278777701656,80.26754417662222,58,95,24,65,150.315
Ekam Foundation,13.045204545109272,80.20131980906498,24,86,5,2,209.615
Akshaya Trust,13.02304952839012,80.2657701716343,58,186,4,97,135.03
Akshaya Trust,13.040302906538262,80.27024467990844,43,145,8,62,159.74
Sri Arunodayam,13.08912321174672,80.25548396892628,35,163,8,53,178.625
Akshaya Trust,13.03908907834762,80.27637871644721,26,179,20,4,267.865
The Banyan,13.077746194765508,80.18459116429689,50,121,12,28,205.1
Bhumi,13.079903473153168,80.26107988076495,36,195,4,58,181.385
Life Help Centre,12.994746211578835,80.2510042218669,25,56,10,59,114.225
The Banyan,13.066518175086102,80.18172387145138,30,68,8,85,81.44
Mudhra,13.05869765878432,80.23384093375223,60,105,16,76,134.0
Nice Foundation,13.042031738309896,80.21511059313814,44,69,24,95,85.29
India Vision Institute,13.060898227366817,80.24440071493255,60,171,24,75,173.605
Life Help Centre,13.00350199622961,80.26372069536131,37,125,6,95,95.72
Akshaya Trust,13.028298503275415,80.25747041457934,36,177,21,6,268.61
India Vision Institute,13.076878272505123,80.23824135065219,27,138,10,10,231.54
The Banyan,13.066658835015865,80.18133578622415,47,92,19,89,103.775
Ekam Foundation,13.050179207793793,80.20417375141817,39,88,10,36,169.34
Ekam Foundation,13.048977778745012,80.20769789411139,37,65,10,26,173.175
Nice Foundation,13.058077454198784,80.22811742586238,34,126,2,26,195.235
India Vision Institute,13.070666661725248,80.23771340277776,28,146,24,29,216.44
Nice Foundation,13.050059487371218,80.2167072860354,64,125,19,45,193.22
Dean Foundation,13.08183202493992,80.2685607952741,24,171,16,19,234.845
Sri Arunodayam,13.087319365660155,80.25555629893842,63,59,3,69,109.91
Sri Arunodayam,13.089836619225627,80.25753432647281,37,160,8,54,176.38
India Vision Institute,13.072425359603882,80.24422621272265,23,50,21,59,120.665
Nice Foundation,13.040201598437893,80.2160962155207,31,97,23,8,225.02
The Banyan,13.05968742476576,80.18781997778474,57,117,14,55,166.895
Dean Foundation,13.092978293872426,80.25029342122724,29,156,23,67,162.1
Bhumi,13.080918496668762,80.27802846392954,36,124,4,91,98.375
Bhumi,13.081026403736695,80.27016742636116,39,187,9,52,188.05
Dean Foundation,13.081095184102328,80.25215330082695,36,89,20,6,225.42
Bhumi,13.078946923308282,80.27005787467628,35,177,21,5,268.65
Ekam Foundation,13.062227853454567,80.20689833072254,20,169,12,0,257.495
Dean Foundation,13.080118399492084,80.25352177698934,34,115,18,61,149.375
India Vision Institute,13.065167867415877,80.24453474506466,24,145,17,79,135.395
The Banyan,13.07791868475261,80.17342770513055,33,191,1,47,194.535
The Banyan,13.07794185755566,80.1856625745752,59,200,18,76,179.705
Bhumi,13.07408432548282,80.26310697335475,52,127,5,54,164.185
Ekam Foundation,13.047263209778784,80.21844178476853,64,69,7,63,123.67
Mudhra,13.053192671668183,80.23777618090378,49,62,6,47,142.335
Nice Foundation,13.047814214816926,80.22713352598879,28,72,11,65,115.57
Ekam Foundation,13.055382919470818,80.20436565432558,65,150,22,76,157.795
The Banyan,13.060755016373182,80.17592532534641,29,75,5,29,165.56
India Vision Institute,13.06883485093334,80.24259976567244,21,131,20,32,194.39
Bhumi,13.083882400778636,80.27079129480161,41,185,24,64,188.095
Bhumi,13.090328813298653,80.26458572039279,34,104,15,19,206.13
Bhumi,13.074183907559805,80.2773202109781,38,161,9,51,182.02
Life Help Centre,12.993305028206011,80.2536880403174,52,140,4,6,242.66
Bhumi,13.073530338965078,80.27339714088204,37,94,16,58,143.075
Dean Foundation,13.08621461219303,80.26102945657102,25,135,23,68,148.73
Bhumi,13.07531994180111,80.2736682312672,35,176,10,2,262.145
Mudhra,13.057932732845224,80.22123487814444,56,71,9,40,168.52
The Banyan,13.060786838908577,80.18000355279356,36,101,6,55,143.065
Mudhra,13.054560533835035,80.23674140582246,58,84,5,15,201.725
Bhumi,13.09260303271662,80.27322094862136,36,195,17,5,272.67
Ekam Foundation,13.053700621185415,80.20679258274957,56,169,18,72,171.05
Bhumi,13.092665937465974,80.26467087626497,22,174,11,90,126.17
India Vision Institute,13.070725289743775,80.24205573119626,60,131,15,35,204.63
Dean Foundation,13.09566984188322,80.26673409474652,63,91,11,91,98.5
Nice Foundation,13.058235547875787,80.22001346345175,55,168,6,76,153.81
Ekam Foundation,13.061571224232498,80.20683963230695,24,117,3,79,105.345
Dean Foundation,13.096574432465925,80.25087174708197,61,67,23,65,129.085
Dean Foundation,13.094123227411668,80.25553642970964,36,62,19,90,81.95
Dean Foundation,13.080176453746526,80.26062401156713,37,147,14,63,161.18
Mudhra,13.05635147905487,80.22816750622799,41,143,24,24,230.505
Mudhra,13.065922934940794,80.23396146273112,53,91,10,93,91.115
Mudhra,13.051633590036454,80.23233143274862,43,80,21,50,156.24
Life Help Centre,13.010353441526696,80.24833827206582,36,146,9,49,177.22
Sri Arunodayam,13.085015441253168,80.24992354474352,25,76,22,54,144.175
Mudhra,13.0688428699396,80.22861735583477,27,98,12,12,208.73
India Vision Institute,13.07660592081136,80.2412887956078,64,169,10,17,245.89
Akshaya Trust,13.03964273580038,80.25941988627835,63,165,11,38,217.185
Ekam Foundation,13.062044589113684,80.20045640479758,49,94,5,19,199.1
Sri Arunodayam,13.085494792676135,80.25427854955798,43,115,13,53,162.855
Life Help Centre,13.004308503018118,80.25150957135493,29,142,19,52,175.145
The Banyan,13.064962848187085,80.17319626374601,28,143,4,58,159.14
Sri Arunodayam,13.075620495099258,80.25275957926985,23,52,5,1,201.84
India Vision Institute,13.075174065334847,80.23031442473935,31,158,20,65,167.36
Sri Arunodayam,13.087565876666291,80.25657043601854,52,190,5,1,270.855
Dean Foundation,13.08067166495825,80.2686857100039,23,93,9,13,198.215
Ekam Foundation,13.054328155469872,80.20291758806998,45,93,19,87,106.67
Bhumi,13.077172343488828,80.27668657743165,61,99,4,66,136.845
Ekam Foundation,13.056926317432138,80.20443295513158,61,164,6,88,136.98
Akshaya Trust,13.038658065607862,80.2769833121018,25,63,22,14,195.72
Dean Foundation,13.091910213656105,80.25700145816833,21,199,1,34,211.815
Ekam Foundation,13.048474848061646,80.21431814101187,48,104,10,21,202.765
Dean Foundation,13.08194341517008,80.26843333641366,37,141,10,46,179.78
Akshaya Trust,13.023367107652913,80.27130635558662,24,176,6,51,182.915
The Banyan,13.061726687900638,80.1874553542803,27,69,15,62,118.2
Akshaya Trust,13.029562377121984,80.26658640002105,27,136,12,1,239.29
Mudhra,13.066637133939189,80.22311008911755,48,88,11,32,179.525
Life Help Centre,12.993460364181152,80.24752546854792,48,140,21,8,250.615
Dean Foundation,13.082819087459333,80.2643655778188,33,152,22,20,234.775
Sri Arunodayam,13.07579184859897,80.24005407355045,38,89,8,43,158.215
India Vision Institute,13.06241332455242,80.23542438720526,40,130,6,12,224.67
Bhumi,13.078671925457162,80.27041042854052,28,55,5,64,113.09
The Banyan,13.066123704891313,80.17761865434053,64,155,6,35,213.525
The Banyan,13.076376422102731,80.17360054052611,46,68,16,49,147.63
Bhumi,13.079023396715908,80.26173206116043,37,148,7,15,228.58
Akshaya Trust,13.025184891669998,80.26368311694696,27,53,5,81,75.03
Life Help Centre,12.993776341783546,80.24876326995538,59,96,16,60,150.34
The Banyan,13.07848364943762,80.187018984657,37,85,12,65,127.86
Nice Foundation,13.058710840340105,80.21813409513942,43,86,1,0,218.15
Sri Arunodayam,13.086968473357746,80.24847775202316,44,87,10,95,85.655
India Vision Institute,13.079145774762983,80.24438926272647,24,100,9,100,73.385
Life Help Centre,13.011701427044043,80.25726314819322,26,148,21,57,171.18
Sri Arunodayam,13.0865394908975,80.25545480090378,64,161,12,82,151.185
Bhumi,13.089811967115164,80.2684028305062,43,184,19,50,206.17
The Banyan,13.067769016457378,80.18872385768131,54,192,8,0,276.09
India Vision Institute,13.073272718237838,80.24646142793395,52,171,5,84,140.85
The Banyan,13.06746221388519,80.17468336022642,24,196,16,28,232.69
Sri Arunodayam,13.08175901480939,80.25181877727321,49,198,1,8,264.255
India Vision Institute,13.077521973845466,80.23027588552574,26,74,4,57,129.815
Bhumi,13.07995602173584,80.26431168994988,24,100,23,11,216.685
Ekam Foundation,13.057655904571924,80.21748968125493,38,162,22,7,265.165
India Vision Institute,13.078174393862524,80.24884973385203,40,175,14,71,164.685
India Vision Institute,13.076389290713704,80.24754720810203,47,174,21,70,176.54
Bhumi,13.088283301294036,80.27254853810885,25,82,1,71,103.745
The Banyan,13.068354949095712,80.18502283165506,22,94,2,53,135.58
Life Help Centre,13.002371986734646,80.24830395153924,20,112,14,49,159.7
Ekam Foundation,13.045060633127031,80.20052735775221,39,138,10,49,175.69
The Banyan,13.070729497575154,80.17292454747235,32,138,23,89,123.14
Nice Foundation,13.052222942990886,80.2294615573033,36,157,22,38,212.125
The Banyan,13.061820609966029,80.17180769229239,29,54,9,99,60.55
India Vision Institute,13.064935409283647,80.2395113665982,35,121,15,47,172.425
Sri Arunodayam,13.076012226244652,80.24588715109334,43,126,2,52,160.69
Akshaya Trust,13.028551525817086,80.27275434101753,23,77,4,91,73.885
Nice Foundation,13.0598432045574,80.22047698272203,25,70,17,15,193.24
Life Help Centre,13.011287584249176,80.25473434493462,21,123,14,76,124.94
Life Help Centre,13.00122631799828,80.25649796518955,46,70,17,49,150.15
Ekam Foundation,13.053447292667355,80.21147435471985,36,107,9,69,127.54
Sri Arunodayam,13.074242676843596,80.24147592205908,38,99,11,1,226.905
Dean Foundation,13.082122616852024,80.26391916172535,29,189,16,52,196.435
Ekam Foundation,13.06092848723142,80.2041461345122,54,61,18,22,185.945
Nice Foundation,13.059162082206964,80.21948020323805,65,63,1,48,143.095
Mudhra,13.061297720911066,80.2262805871603,38,136,24,36,204.875
Bhumi,13.079947706649286,80.26531490667148,47,190,3,30,226.08
Mudhra,13.066287237382266,80.23846026398003,22,63,1,12,181.55
Nice Foundation,13.059684125145226,80.22259176211053,45,97,21,39,184.205
Life Help Centre,13.000159060018271,80.2634249198182,60,128,4,30,199.48
India Vision Institute,13.06936957829017,80.23529392034789,30,55,7,81,78.355
Dean Foundation,13.088154888026336,80.26341591153505,62,86,23,0,241.86
Bhumi,13.0825768196873,80.28028869494455,32,109,11,97,87.63
The Banyan,13.075788775334884,80.18810639580065,21,147,17,8,244.4
Dean Foundation,13.085700199146157,80.25351097082431,29,156,8,26,212.85
Dean Foundation,13.086724089775595,80.26770463910736,54,103,17,13,222.85
Sri Arunodayam,13.088440680386244,80.25354142233316,20,83,21,28,181.855
Akshaya Trust,13.038283690651731,80.26846939470727,36,102,1,98,76.79
The Banyan,13.07641495074861,80.17279622125743,58,152,5,7,251.755
Dean Foundation,13.081061684542547,80.26701610604455,62,122,20,16,228.43
India Vision Institute,13.061494991697243,80.23245749589482,37,77,17,57,139.97
Ekam Foundation,13.055289163822296,80.21177566388799,53,89,21,7,229.835
Mudhra,13.05554326072929,80.23407882269827,55,55,21,46,155.92
Nice Foundation,13.041804728893194,80.22219946650345,65,142,10,92,126.715
The Banyan,13.07211616203749,80.17802912248806,20,67,15,36,158.82
Nice Foundation,13.053696429049362,80.2269033059785,31,198,2,62,174.55
Bhumi,13.091162351377315,80.26848950319263,62,185,13,22,250.765
Dean Foundation,13.093660349738592,80.25788595934249,43,181,4,76,153.005
Sri Arunodayam,13.078688046072926,80.24165128692697,54,125,21,86,129.545
Bhumi,13.077319736650308,80.26714696512889,35,125,3,69,130.685
Bhumi,13.082687465422444,80.28023990756482,50,147,7,49,180.11
Sri Arunodayam,13.075956247071703,80.25344569273017,58,60,18,38,171.215
Ekam Foundation,13.05285983422004,80.21628324630876,29,165,7,67,155.665
Mudhra,13.062616408025244,80.22320742878698,46,65,7,64,119.085
Bhumi,13.0744187226023,80.27686391502272,51,121,16,39,192.45
Mudhra,13.066969274716886,80.22304087180292,43,117,24,37,196.37
Nice Foundation,13.052988064178397,80.21256183236227,38,86,24,41,172.115
Sri Arunodayam,13.087640391376008,80.25856823409603,38,139,14,43,188.505
Life Help Centre,13.00549341732368,80.25194272485074,27,188,14,24,235.26
Life Help Centre,13.003367238170751,80.2482179917557,38,108,6,70,125.65
Mudhra,13.0626647943315,80.23884964364072,57,157,12,10,253.14
Bhumi,13.075477845687606,80.26803266829306,60,183,4,84,149.615
Dean Foundation,13.081687539800168,80.25655882845457,31,83,9,27,177.105
Ekam Foundation,13.059444389948249,80.2140335343739,53,154,3,62,162.835
Nice Foundation,13.054034162201008,80.22454918259535,65,93,14,100,88.015
Mudhra,13.054464446379471,80.2253519288793,39,196,19,75,173.975
Sri Arunodayam,13.083716061966747,80.24024359110388,36,74,12,81,94.26
Ekam Foundation,13.05363175366194,80.203228968651,47,196,10,14,258.655
Nice Foundation,13.054423271270949,80.21035639805596,29,63,19,10,202.465
Nice Foundation,13.04409135167722,80.22481235646049,24,181,7,85,135.36
India Vision Institute,13.076219012802582,80.23638493099357,31,60,21,68,114.635
Akshaya Trust,13.034105453669364,80.2657864082381,34,110,24,63,150.815
Akshaya Trust,13.041689697437995,80.26747571984932,54,162,5,54,181.7
Bhumi,13.08988747440726,80.27859710013381,34,188,17,21,244.805
Dean Foundation,13.092716205613888,80.26257856179107,22,126,1,4,223.64
Akshaya Trust,13.02687798870157,80.26473828356305,61,67,17,37,174.07
Akshaya Trust,13.032199131017023,80.26487234208385,30,164,5,62,165.265
Life Help Centre,13.00103929526628,80.25622117342736,58,166,10,5,264.6
Bhumi,13.08815848017467,80.27345885502227,29,61,6,99,63.725
Sri Arunodayam,13.083389728236869,80.24742348049362,56,173,19,76,169.595
Life Help Centre,13.003903332602404,80.25185488257227,60,88,5,85,103.49
Ekam Foundation,13.0457925570023,80.2173879475126,23,55,20,38,156.595
Sri Arunodayam,13.076708264816023,80.24391115099726,55,99,4,51,154.115
Life Help Centre,13.006080800484613,80.25296911887936,26,140,21,88,122.21
Ekam Foundation,13.05049452005574,80.20766689456724,30,55,13,21,174.865
Nice Foundation,13.057710402073312,80.21448390689037,61,120,4,52,168.74
Sri Arunodayam,13.073238254764536,80.24890908395463,36,137,23,57,167.14
The Banyan,13.06622337675726,80.17781095117095,44,172,3,21,231.305
Nice Foundation,13.053700444015222,80.21126234744301,64,179,4,91,138.01
Ekam Foundation,13.045834783091513,80.20794553519697,27,176,15,85,138.68
Dean Foundation,13.09024321095004,80.26098367744183,38,180,3,3,258.36
Mudhra,13.0646810053791,80.2254790881132,59,157,16,75,160.905
Nice Foundation,13.04245729099656,80.22278192959203,39,156,4,41,194.385
Mudhra,13.068683926239544,80.22995338152607,54,83,14,24,195.95
Life Help Centre,12.998954737364071,80.26339457627175,51,174,3,99,121.275
Sri Arunodayam,13.075510960790876,80.24092430677705,56,84,16,20,204.63
Dean Foundation,13.092575206143046,80.25041370148116,38,183,1,46,193.205
The Banyan,13.074260370542696,80.17196248471888,52,106,16,84,115.075
Mudhra,13.054308500398673,80.22957165484526,27,132,13,47,172.28
Akshaya Trust,13.04253451044594,80.26878767530329,53,108,5,64,140.905
Ekam Foundation,13.063660833735236,80.21119935565413,33,187,3,85,136.355
India Vision Institute,13.074756615782697,80.24010801515816,28,91,6,87,88.6
Bhumi,13.073883379923052,80.27205358139207,39,81,3,78,101.065
Akshaya Trust,13.02504014257194,80.25889429823751,29,88,7,6,209.48
Mudhra,13.05034844338856,80.2345735251969,21,113,6,60,137.055
The Banyan,13.070784274499855,80.17308845163994,27,184,1,4,252.865
Life Help Centre,13.006598527786624,80.25311663864144,48,163,6,82,138.925
The Banyan,13.069185051723718,80.17923608705715,26,54,19,63,116.725
Sri Arunodayam,13.086281232791164,80.25094315644623,36,150,7,14,230.605
Bhumi,13.073510827043462,80.27355715228423,63,140,8,13,238.55
Life Help Centre,13.000965521249633,80.2623171173378,25,58,8,30,156.84
Mudhra,13.050516806274844,80.22257367890207,20,64,11,81,80.99
Sri Arunodayam,13.0763565994064,80.25038768384213,57,162,1,25,224.93
Mudhra,13.055568436315646,80.223144597266,54,157,3,93,121.04
Dean Foundation,13.091959500520016,80.25991965997396,57,175,11,51,199.015
Dean Foundation,13.084356894981678,80.26922337326323,37,140,24,76,149.665
India Vision Institute,13.067835698853555,80.24781058154873,49,191,5,7,265.22
India Vision Institute,13.0776334112378,80.231370579281,50,191,18,22,253.905
Dean Foundation,13.099943886794534,80.26693502620877,42,71,15,83,95.955
Life Help Centre,12.994308495848689,80.2550484311921,55,181,7,36,219.95
The Banyan,13.06889749263617,80.1856502616047,58,146,14,40,206.745
Ekam Foundation,13.05590314660585,80.21843454932758,26,194,14,79,150.975
Akshaya Trust,13.034905161702351,80.26987183515968,57,143,20,19,240.16
Mudhra,13.0509336722313,80.23029412107209,38,128,13,43,182.855
Akshaya Trust,13.02576704635959,80.26435004323686,51,117,13,33,192.185
Sri Arunodayam,13.086521220821414,80.24145878513431,64,73,15,93,88.365
India Vision Institute,13.079926112884475,80.23866560774027,47,54,22,49,145.825
Sri Arunodayam,13.077167263262488,80.25341973380618,41,178,12,2,266.145
India Vision Institute,13.06555816864582,80.24538124931027,21,87,6,23,177.75
Life Help Centre,12.999084623787535,80.25368317414825,56,118,9,43,180.86
Akshaya Trust,13.032316960253723,80.27447549857621,42,178,22,3,272.47
India Vision Institute,13.069121612551346,80.24291564438626,38,175,9,64,171.18
Bhumi,13.073166265266876,80.2742390562699,38,158,5,32,205.04
Dean Foundation,13.083175742708663,80.25485796147092,30,58,14,29,165.205
India Vision Institute,13.070775255892636,80.24745450220234,48,122,6,86,112.745
Life Help Centre,13.002165069859648,80.25978864744206,27,141,16,55,168.47
Nice Foundation,13.051708404760948,80.22038942695755,64,108,2,80,115.305
India Vision Institute,13.071829899174851,80.23994621322093,21,187,12,51,191.24
Mudhra,13.05960678643956,80.22821851791473,32,116,6,37,176.59
Sri Arunodayam,13.074127677896096,80.24615343826952,48,167,11,3,264.215
India Vision Institute,13.079045052838726,80.2345064555858,59,80,17,18,203.91
Nice Foundation,13.046609664861805,80.21948685734844,39,147,7,62,158.405
Life Help Centre,13.011262397674765,80.25333383921276,46,127,17,20,218.52
Life Help Centre,12.998316428761038,80.25570018835741,65,165,15,9,264.845
Nice Foundation,13.053435167965883,80.22326272901448,22,96,7,35,165.69
Akshaya Trust,13.029150624570576,80.2596790759457,56,115,15,46,175.695
The Banyan,13.068970431013504,80.17581492648797,39,140,5,17,223.325
India Vision Institute,13.06672421136751,80.23440848853811,57,75,23,48,164.71
The Banyan,13.060627035749434,80.17367752405642,58,151,8,5,254.9
The Banyan,13.064101276443743,80.18309910637394,26,95,20,59,142.205
Bhumi,13.07680977726642,80.26579267848956,30,129,15,82,120.625
Bhumi,13.08465916201025,80.27048341372426,22,81,22,25,184.97
The Banyan,13.065301778448235,80.18360691487756,47,92,23,6,232.12
Bhumi,13.08764635658171,80.26491295516239,41,126,19,88,119.155
Life Help Centre,13.00287102531523,80.25580339297126,36,83,8,98,77.095
The Banyan,13.062094119603533,80.17447672071938,26,182,22,4,268.985
Life Help Centre,12.996852671773262,80.265765872216,47,180,6,93,131.655
The Banyan,13.06437367687181,80.17594408995394,62,63,10,47,146.715
India Vision Institute,13.06214926143859,80.24248310002864,50,183,22,85,156.75
Bhumi,13.086876165046078,80.2697614217889,26,184,3,10,249.97
Life Help Centre,13.006832498594258,80.24688275738286,51,68,4,21,183.015
Life Help Centre,12.992751195345138,80.25873349180964,48,51,13,13,197.99
Bhumi,13.092276683106936,80.27080132154184,38,163,20,50,193.995
The Banyan,13.062577215173564,80.17671553220053,65,102,17,38,185.84
Sri Arunodayam,13.071318247261596,80.24229314973853,27,134,15,87,116.26
Sri Arunodayam,13.076156556409387,80.24144222688507,60,52,21,4,219.04
India Vision Institute,13.071111491524873,80.23272307054353,32,137,21,21,223.57
Mudhra,13.069823300492336,80.2356802195998,65,80,8,71,120.725
The Banyan,13.069737762128812,80.18339785719385,63,82,7,20,198.715
Life Help Centre,13.00959940475577,80.25323428155959,35,118,3,47,161.88
Bhumi,13.079459739234808,80.26378009460537,58,134,9,34,201.84
Akshaya Trust,13.037273674343655,80.27149683290098,50,104,10,15,213.79
Bhumi,13.078372060749324,80.26255114244368,23,160,1,28,209.77
The Banyan,13.068218903440954,80.18725009091956,40,159,20,65,172.595
Life Help Centre,13.01227981069508,80.25791141362026,29,130,11,80,118.92
Life Help Centre,13.008881177894075,80.26220915907074,64,191,15,89,148.2
The Banyan,13.06577714826045,80.17486337298827,26,62,3,81,77.33
Bhumi,13.086314053137023,80.26693453143187,32,166,15,69,160.62
Mudhra,13.055084670405058,80.23125501715097,23,197,4,90,128.5
Ekam Foundation,13.04969541134812,80.20067413396583,63,158,16,53,192.415
The Banyan,13.07872286850969,80.17278144121622,34,171,21,49,199.16
Akshaya Trust,13.042621951730071,80.272722002469,53,93,18,9,225.475
Dean Foundation,13.082097014074217,80.26223153726518,31,97,18,94,90.86
India Vision Institute,13.0796393150842,80.24086670860105,56,133,16,21,217.105
The Banyan,13.069264344999024,80.18018317129534,37,116,8,1,231.505
Life Help Centre,13.002263905688432,80.2599698057726,21,144,22,63,160.235
India Vision Institute,13.07730534662799,80.23898981675235,48,193,18,16,255.705
Life Help Centre,13.005239315790163,80.2586465193446,41,140,20,16,235.165
Dean Foundation,13.087473626591157,80.2616737623987,57,66,4,22,183.68
Bhumi,13.07911700831652,80.27662400928047,44,175,7,17,240.86
Nice Foundation,13.044513630369783,80.21170819014282,39,162,12,100,114.98
Mudhra,13.067922683968758,80.22921031070355,30,123,17,86,113.705
Dean Foundation,13.089335985560067,80.26460543812937,64,154,3,87,135.94
Mudhra,13.054471234945842,80.23596091012013,26,171,10,43,198.535
The Banyan,13.069142304141677,80.1756493109887,51,74,6,56,137.305
The Banyan,13.065815768332095,80.17021230459893,24,99,1,2,210.755
Life Help Centre,12.992998236370676,80.25826840737147,49,89,15,50,158.14
Life Help Centre,12.994984584635336,80.25011467274363,33,79,16,49,150.285
Nice Foundation,13.049197487547652,80.22392909117025,24,193,22,10,264.07
India Vision Institute,13.067935129393554,80.23319373969177,22,164,18,18,232.77
Dean Foundation,13.080428377565037,80.25130507600429,27,63,15,2,207.525
Nice Foundation,13.050540781895188,80.21008167764056,49,159,3,28,216.965
Ekam Foundation,13.052896177427362,80.21434538759327,31,60,10,17,181.155
Life Help Centre,13.00068344985972,80.2473808761269,25,174,13,2,259.845
Bhumi,13.08501271127224,80.27874511855477,64,192,14,81,164.75
Ekam Foundation,13.054548822163662,80.21942342016344,65,197,15,35,238.27
Nice Foundation,13.05454894300071,80.21147482421532,30,92,23,52,155.36
India Vision Institute,13.060509878866066,80.23188582283315,30,95,23,18,206.93
Dean Foundation,13.090759889128812,80.26829652955516,60,189,5,29,233.23
Mudhra,13.062037607959097,80.22987797355421,58,81,20,8,223.285
Akshaya Trust,13.039079804282574,80.27377153072352,49,160,22,24,239.1
Mudhra,13.06594228590531,80.2205511993148,58,129,22,0,245.285
Dean Foundation,13.085439574569008,80.26945000684219,43,79,7,48,147.65
Life Help Centre,12.999966642170753,80.25567457889686,24,197,4,90,129.08
Bhumi,13.089873364642113,80.27367615320016,38,101,18,56,153.185
Dean Foundation,13.092951553492822,80.25691818336963,51,82,24,62,145.285
Dean Foundation,13.09635297036897,80.25733424520092,30,169,17,63,174.7
Life Help Centre,12.993996707809412,80.25291557301014,64,124,20,72,151.93
Sri Arunodayam,13.070147298572524,80.25931121888345,49,132,22,12,241.025
India Vision Institute,13.07474051957638,80.23895082482625,21,131,12,53,161.505
Nice Foundation,13.04189384094244,80.21767662449099,40,109,1,43,172.365
Bhumi,13.076351441036609,80.27847681073607,65,52,7,13,196.24
Akshaya Trust,13.037940189862894,80.26920366834838,41,131,14,46,179.37
Bhumi,13.081189702414648,80.2721370516569,43,92,4,4,215.98
Bhumi,13.080608456030037,80.2735887531993,54,183,22,51,210.36
Akshaya Trust,13.025284047067805,80.26740632885584,27,197,9,21,238.39
Life Help Centre,13.011829501009384,80.26084340214334,52,50,8,46,147.245
Ekam Foundation,13.047935382041864,80.20335365431183,51,161,19,37,218.935
The Banyan,13.072400247614157,80.17901719793888,43,176,12,33,215.855
Ekam Foundation,13.059088104596745,80.21975519479491,42,129,12,10,230.345
Sri Arunodayam,13.072611500078258,80.25496062239262,27,128,7,16,212.585
Bhumi,13.08021009321022,80.26644979638615,24,83,8,1,210.725
Ekam Foundation,13.05775074532946,80.21858808523665,57,193,17,56,205.09
Akshaya Trust,13.027953073810504,80.26861364780163,60,81,22,38,182.895
Mudhra,13.050673124533748,80.23922665670138,30,108,23,6,231.73
Dean Foundation,13.083505378292678,80.26734961722313,28,169,14,42,202.565
Ekam Foundation,13.061558242530923,80.2078218824145,62,115,2,0,235.83
Nice Foundation,13.050172547329211,80.21736920348582,60,69,6,93,83.26
Ekam Foundation,13.04721639751829,80.20191317743414,49,97,11,3,227.915
The Banyan,13.060770664234532,80.18569624485386,27,116,15,65,140.29
Ekam Foundation,13.045811693128307,80.20340700051182,42,90,11,47,156.71
The Banyan,13.075205622615984,80.18735672591833,47,108,4,5,224.48
Sri Arunodayam,13.076866212897734,80.24376654387116,48,132,5,39,187.7
Nice Foundation,13.059313456372683,80.21295901833248,34,142,15,39,194.75
Nice Foundation,13.04088198947917,80.22549126170168,61,185,7,28,237.025
Life Help Centre,12.995678805301738,80.25295698023268,56,154,22,84,148.805
Nice Foundation,13.059516458585362,80.21297997334516,53,98,20,61,152.145
Dean Foundation,13.095545328229225,80.2596121050017,24,121,20,80,115.98
Dean Foundation,13.087200381085076,80.26513338841377,24,133,17,87,116.95
Sri Arunodayam,13.087347303574608,80.25321292399832,54,80,18,38,177.83
Akshaya Trust,13.023323940720882,80.26628000972737,31,58,3,52,124.28
Nice Foundation,13.052919739476607,80.22180917512522,45,154,1,50,177.2
India Vision Institute,13.074087126212584,80.24180599607412,32,175,11,81,141.925
Akshaya Trust,13.030002694468768,80.27352957593168,56,131,5,0,244.34
Akshaya Trust,13.03121594443686,80.25734023596434,30,166,15,14,243.79
Mudhra,13.066452083035562,80.23768176201513,40,182,20,15,255.21
India Vision Institute,13.073395890974124,80.24610475030549,24,88,8,3,210.27
India Vision Institute,13.060949620971426,80.24298241329224,50,69,22,74,118.605
Sri Arunodayam,13.080542970145274,80.24244571114131,64,145,1,10,241.72
Akshaya Trust,13.036618886707211,80.26387052468625,65,190,14,7,276.99
Dean Foundation,13.092600251539402,80.26111824151911,64,149,15,61,176.72
India Vision Institute,13.06972728410588,80.24299225107241,29,98,2,23,185.15
The Banyan,13.071376830968518,80.1886550107694,41,132,1,29,194.625
Dean Foundation,13.09854960982827,80.26923407933506,27,87,16,52,145.91
Ekam Foundation,13.05054950456279,80.20839466710109,31,198,2,91,129.07
Nice Foundation,13.04859782083738,80.21403369240585,46,73,21,52,151.715
Sri Arunodayam,13.082143666622157,80.24725340735138,60,173,21,95,143.17
India Vision Institute,13.072939956256512,80.23020811810524,58,183,19,57,202.195
The Banyan,13.063811700138976,80.18829160018879,35,192,11,29,228.61
Dean Foundation,13.096788962773797,80.26092256914465,20,78,2,7,195.995
Life Help Centre,13.011814237725794,80.2591965202717,56,190,22,99,145.3
India Vision Institute,13.06239711621628,80.24871732898538,49,181,9,33,220.68
Dean Foundation,13.087884715315845,80.25445503537371,42,198,15,77,167.99
Dean Foundation,13.097227867361395,80.25732106798303,45,143,10,20,229.38
Life Help Centre,13.009102261606436,80.2552242725647,30,98,17,20,201.755
Dean Foundation,13.09513329708722,80.26977464901059,57,75,20,90,97.81
Mudhra,13.056717079848294,80.22799800546025,22,183,10,65,174.43
Bhumi,13.086149562517727,80.2758061627655,57,150,12,64,167.83
Nice Foundation,13.047875476550558,80.22854886446808,64,121,10,26,211.03
Dean Foundation,13.089991327311004,80.25302235719906,28,150,19,89,124.02
Akshaya Trust,13.037362534483377,80.27677882963526,38,52,8,22,169.765
Akshaya Trust,13.023210131143296,80.25813129718198,61,104,10,39,183.325
Life Help Centre,13.010539149050082,80.2592560195659,61,173,11,47,204.595
Nice Foundation,13.056343998513196,80.22584160184645,55,77,18,64,135.64
India Vision Institute,13.07677871460911,80.23566880198884,32,132,20,66,153.25
Ekam Foundation,13.051618166877452,80.2079837747132,63,154,15,43,208.03
Dean Foundation,13.099327604202466,80.26212998882713,26,127,15,89,108.06
Life Help Centre,12.992760149359931,80.25632903081281,30,73,6,72,100.81
Nice Foundation,13.040018457158856,80.21111740199055,40,169,7,78,146.68
Bhumi,13.078628451810726,80.26822108759997,63,181,18,84,160.97
Akshaya Trust,13.024188676909066,80.27352826364229,65,159,1,20,231.355
Sri Arunodayam,13.079081553452646,80.24348531420114,55,88,18,89,103.935
India Vision Institute,13.0798578320314,80.23684568851769,51,101,2,97,82.975
India Vision Institute,13.073455629249592,80.24732820286924,20,140,13,59,156.555
Ekam Foundation,13.052444705543143,80.21933799526951,30,114,16,28,194.47
Mudhra,13.063276882938608,80.22399841764818,58,78,1,74,106.56
Nice Foundation,13.047560465841164,80.21461572637658,65,137,19,74,156.99
Life Help Centre,13.008136855530788,80.26477887548312,47,120,5,17,210.49
Mudhra,13.055620796706366,80.22718815826174,48,54,13,66,116.115
Life Help Centre,12.996101077221168,80.26352390153961,22,52,5,82,71.57
Dean Foundation,13.099161342264331,80.25777839444136,30,92,13,100,78.55
The Banyan,13.06295216274544,80.16987062686786,65,116,24,60,157.9
The Banyan,13.065063281257148,80.18800016427099,20,155,20,67,157.825
Ekam Foundation,13.05736067946667,80.21494209096191,38,122,1,1,230.225
Akshaya Trust,13.029046599355391,80.27459576789963,24,107,9,1,223.585
Akshaya Trust,13.034908137209436,80.2618525836084,21,116,23,76,130.15
Dean Foundation,13.0943942142886,80.25033235286213,63,175,4,25,234.16
Mudhra,13.0670902776581,80.22127949072159,58,58,16,23,187.635
Bhumi,13.08337973099576,80.27116040197609,36,131,5,2,234.755
Bhumi,13.080125612721318,80.27974505166556,37,83,15,64,129.45
Dean Foundation,13.083955262192973,80.25969185126067,46,154,1,11,245.395
Sri Arunodayam,13.080987597205445,80.24149753023339,41,102,24,19,214.975
Nice Foundation,13.043069233136531,80.22765077893995,47,140,21,92,125.945
Life Help Centre,12.994561341907987,80.25906126699353,62,87,20,68,140.53
India Vision Institute,13.076196707025826,80.232530007984,22,152,5,67,145.2
Akshaya Trust,13.036766992603212,80.25734084839948,36,135,2,21,207.695
Sri Arunodayam,13.080233698273023,80.25124925795242,64,192,8,62,186.855
Sri Arunodayam,13.070065821164713,80.25928885832438,60,144,21,5,260.27
Mudhra,13.054988393013105,80.23401890465556,39,80,12,70,116.735
Nice Foundation,13.041127958996787,80.22756424307883,60,142,1,79,134.92
Nice Foundation,13.041929472041284,80.21354133889594,35,100,8,77,112.51
Ekam Foundation,13.048674803600322,80.21040419059186,63,79,13,24,196.665
The Banyan,13.06515224529442,80.17647174537805,49,97,19,69,138.41
Life Help Centre,13.011306668428906,80.26484409812502,65,183,13,87,153.015
Nice Foundation,13.05037719674861,80.2131753303272,20,113,13,22,197.96
Mudhra,13.063188503108266,80.2237799165507,57,150,15,23,233.32
Dean Foundation,13.09620959580606,80.26239832064641,23,173,14,59,175.935
Ekam Foundation,13.051740690352592,80.2068175383825,47,71,6,10,203.185
Nice Foundation,13.059797946563748,80.22072193781574,44,186,21,49,210.665
Bhumi,13.07964375720726,80.26072321439744,59,57,5,73,102.925
The Banyan,13.0672601485719,80.17258320859108,22,196,1,90,126.7
Akshaya Trust,13.032489694485289,80.25756634182206,30,143,19,3,249.17
Nice Foundation,13.04377925938216,80.21420843087402,38,182,11,63,176.17
Akshaya Trust,13.03802214770007,80.26830139569758,29,128,1,68,128.655
Mudhra,13.068229407759429,80.22965891238562,54,149,6,11,243.135
The Banyan,13.066818114991994,80.18262386678613,29,68,9,35,158.57
Dean Foundation,13.09790933125084,80.26900611014725,43,71,22,6,218.575
Bhumi,13.091611551301131,80.27167799351125,55,56,9,41,155.63
Sri Arunodayam,13.079678562682965,80.24993467828213,50,57,19,91,83.97
Bhumi,13.082318826142544,80.26088734431279,54,164,8,54,185.61
India Vision Institute,13.078982576547178,80.24528188108522,33,142,4,88,113.59
Mudhra,13.05665620629836,80.23038931481119,48,118,22,10,237.985
Dean Foundation,13.082166451826511,80.2551054870835,27,83,21,48,153.95
Sri Arunodayam,13.071380139988014,80.25366542302145,30,164,5,33,202.72
India Vision Institute,13.06105015592338,80.24824148782506,46,105,2,69,130.315
India Vision Institute,13.077185239522354,80.24754381822936,32,131,22,66,153.765
The Banyan,13.06938173390184,80.1824145163971,40,180,8,89,133.085
The Banyan,13.079205254651482,80.18138785394552,50,159,23,68,172.045
Dean Foundation,13.087116948683208,80.26798943979237,56,200,21,78,177.535
India Vision Institute,13.06248223349566,80.24591703187262,54,128,24,46,192.445
Sri Arunodayam,13.083648840881985,80.25460488003131,41,145,6,31,203.655
Ekam Foundation,13.047429580022902,80.20596756571504,50,140,7,21,223.825
Bhumi,13.07418268263638,80.27814540370927,57,152,22,13,256.37
India Vision Institute,13.076785271640656,80.24620267357065,61,77,8,34,175.09
Mudhra,13.069673800254485,80.22802855277547,20,171,3,3,250.355
India Vision Institute,13.060094630348145,80.23819616429783,33,74,17,9,207.775
Akshaya Trust,13.042590287441206,80.25799195405926,54,163,12,7,261.14
Sri Arunodayam,13.077303897349616,80.24440780798743,65,80,6,82,103.85
Dean Foundation,13.081980714808587,80.26711577507261,43,170,15,80,149.475
India Vision Institute,13.06267334267899,80.2345413932575,51,89,12,64,137.16
India Vision Institute,13.073657431755676,80.237281313198,25,70,21,69,115.075
The Banyan,13.068602097282506,80.17682868081097,52,174,11,11,259.035
Nice Foundation,13.048737119799554,80.2205774701196,36,137,2,2,235.3
Life Help Centre,12.995295309956544,80.26359286373624,35,70,5,8,199.55
Mudhra,13.068781239942329,80.23139732784561,33,115,7,36,176.93
Bhumi,13.083491386599434,80.27912415670673,42,160,21,37,215.645
Life Help Centre,12.996618062542494,80.25848265679825,53,73,22,63,137.895
Mudhra,13.06650313097227,80.22034504657078,21,77,17,14,194.515
Mudhra,13.062083527806784,80.22188247984035,30,55,15,91,71.765
Dean Foundation,13.09543891128241,80.25246867603657,56,98,22,48,172.12
Bhumi,13.083971867756794,80.27613390914307,51,131,11,51,174.325
The Banyan,13.070275318638917,80.18517693082724,24,71,17,8,202.89
Bhumi,13.087810093488727,80.27298915041955,23,81,14,11,200.965
The Banyan,13.076096079123564,80.18832608118363,24,143,22,84,131.715
The Banyan,13.070174620245526,80.17034469916605,62,96,24,56,165.385
Dean Foundation,13.087076607814096,80.26121231018303,58,175,21,1,279.57
Ekam Foundation,13.05307109720509,80.21670290054213,27,73,20,34,167.505
Life Help Centre,13.000358415405367,80.26599178748027,64,186,17,63,194.065
Bhumi,13.085116479495156,80.26688927397068,24,95,11,24,187.625
Bhumi,13.083718478479048,80.2758136610725,21,75,13,79,94.85
Nice Foundation,13.057035197604185,80.22948531355269,57,124,14,81,129.185
India Vision Institute,13.0734152022706,80.23907841808587,56,60,8,30,170.075
Life Help Centre,13.001569529819031,80.25204839927594,20,139,7,9,226.985
Nice Foundation,13.047397230811422,80.21597687704997,25,64,19,72,107.795
Life Help Centre,13.006290118161374,80.26326786328585,58,69,5,52,141.245
India Vision Institute,13.065715558073508,80.24231473677193,40,134,8,52,167.575
Sri Arunodayam,13.07911283097538,80.25620965692231,33,51,17,82,82.71
India Vision Institute,13.079783057726717,80.24359263775476,54,188,19,87,153.65
Akshaya Trust,13.035501322690145,80.2736934623807,51,125,14,78,134.55
Life Help Centre,13.006793860117384,80.26325322564763,40,133,20,70,151.135
Sri Arunodayam,13.077635125920404,80.2485216971724,29,177,18,43,208.19
Life Help Centre,12.9962773313446,80.25574465939371,55,105,17,14,220.65
Dean Foundation,13.08863091666148,80.2550453760351,21,83,6,19,185.355
India Vision Institute,13.079896573930188,80.2354199792317,65,55,21,100,79.96
Dean Foundation,13.097703478974896,80.25584254157106,50,115,1,57,153.815
Sri Arunodayam,13.073939468882138,80.25544947363736,64,81,17,45,169.0
Sri Arunodayam,13.076002452367462,80.24056202664408,60,56,2,77,97.06
Ekam Foundation,13.055173555709732,80.20812442209446,64,89,17,42,178.24
India Vision Institute,13.079893135731956,80.2484841390472,51,135,11,42,191.42
India Vision Institute,13.066580275846423,80.23579712561539,37,182,1,68,162.09
Life Help Centre,12.999040073233248,80.26439257661826,43,119,22,57,168.545
Sri Arunodayam,13.087830710986236,80.2561862445496,27,160,1,29,205.875
Nice Foundation,13.059781309870338,80.22518293846079,51,163,22,6,268.79
Ekam Foundation,13.054016672033391,80.20036340104056,48,179,20,3,274.86
Bhumi,13.082271414435482,80.26432791877662,32,91,3,17,191.16
The Banyan,13.07243131014886,80.18043572249144,28,111,8,40,170.9
Nice Foundation,13.043884957703558,80.22288210930114,29,78,13,15,195.315
Life Help Centre,13.010840138601482,80.25856982579936,60,114,22,8,238.31
Akshaya Trust,13.036252508766763,80.27567149570754,60,183,10,11,262.815
Dean Foundation,13.080630139009504,80.25854819044127,65,164,11,54,194.045
The Banyan,13.062641470846586,80.1864143587224,52,122,22,28,212.705
Nice Foundation,13.0466744718035,80.22291121333386,23,174,3,36,201.1
Ekam Foundation,13.063392205075234,80.2098137530684,51,142,2,83,125.06
Sri Arunodayam,13.072802156116207,80.24799037104557,29,161,2,71,150.965
Sri Arunodayam,13.08270443288397,80.25092237854462,47,187,2,44,204.44
India Vision Institute,13.062317531647606,80.23383820395449,38,56,16,98,68.705
India Vision Institute,13.062510591330035,80.23161282586071,56,101,6,100,84.65
Mudhra,13.053458870949406,80.22331401691369,29,165,8,44,191.1
Mudhra,13.062339224452945,80.23524934341535,46,126,20,37,199.165
Ekam Foundation,13.05224073694282,80.20832123187814,43,168,9,31,216.155
Akshaya Trust,13.03485026524418,80.27646749785508,35,63,4,47,135.56
India Vision Institute,13.073039501972437,80.23218745046718,52,54,3,89,76.325
India Vision Institute,13.068779283694772,80.23528620441971,24,100,6,13,201.65
Ekam Foundation,13.062606539889233,80.21175265891061,39,55,9,57,123.41
Akshaya Trust,13.029073872567237,80.26584952554202,27,184,5,47,190.73
Sri Arunodayam,13.086766028286569,80.25786079817273,36,123,1,98,85.84
India Vision Institute,13.064599158328097,80.2309096941724,49,181,14,80,155.89
Nice Foundation,13.056282056000729,80.22992861382623,53,60,3,55,130.595
Akshaya Trust,13.026013423829726,80.27235840967715,55,194,4,80,154.53
Bhumi,13.083722812770697,80.26732533748489,33,200,18,40,222.4
Mudhra,13.055318503523354,80.22311142134362,59,78,18,86,106.53
Akshaya Trust,13.032168303682225,80.26214396104264,20,193,2,73,153.385
Akshaya Trust,13.0389883631204,80.27358457037097,65,56,16,27,183.325
Nice Foundation,13.042318477734204,80.21873303886467,46,111,17,55,163.54
Ekam Foundation,13.064709454176912,80.21937692910899,64,130,17,7,247.49
Ekam Foundation,13.06194550865069,80.20838666089962,27,166,2,89,117.955
Dean Foundation,13.09269923732352,80.25114851432029,38,131,16,36,196.84
Nice Foundation,13.05899676594588,80.22992127003069,48,93,18,25,198.115
Mudhra,13.05654770964697,80.22402389451659,45,197,13,25,244.395
The Banyan,13.076088039533996,80.17277800894168,27,74,7,80,88.915
Mudhra,13.052454558749329,80.23333534864992,22,197,24,31,232.905
Dean Foundation,13.080231105778752,80.25513875813111,61,63,5,82,92.105
India Vision Institute,13.076253033578642,80.23233179764402,60,116,1,8,229.335
India Vision Institute,13.06286153595031,80.23503070024053,49,162,7,39,209.88
Nice Foundation,13.059490458638908,80.22593477552843,47,132,12,66,151.82
Bhumi,13.088667713207885,80.2677651665599,40,169,10,97,119.97
The Banyan,13.07815649742909,80.17773854593433,29,139,19,9,237.82
India Vision Institute,13.0726901692089,80.23513435635779,20,55,17,49,135.08
Dean Foundation,13.093019663047048,80.25218504927875,41,67,12,23,182.96
The Banyan,13.069125786785971,80.17771661239178,64,78,23,92,96.575
Akshaya Trust,13.028386109681886,80.26759030372773,35,121,7,23,201.035
The Banyan,13.077038494039932,80.1887936117776,35,200,23,26,247.38
Bhumi,13.08106030741563,80.26599240738005,31,187,16,99,127.76
Life Help Centre,12.998632283731595,80.25323813396379,30,99,14,89,94.655
Nice Foundation,13.055362883767472,80.21722339307408,46,61,8,82,88.48
Ekam Foundation,13.046056748869134,80.20045369057104,64,89,16,90,101.515
The Banyan,13.068482553491686,80.17768529063122,21,182,24,92,134.8
Dean Foundation,13.096269731436834,80.2640931546067,56,121,13,84,123.18
The Banyan,13.072871422237633,80.17032060952137,27,96,21,63,141.025
Nice Foundation,13.059434290085775,80.22168698325198,39,117,19,60,155.23
Mudhra,13.0560884631239,80.22520801705345,41,75,9,37,165.35
Bhumi,13.078642594587151,80.26362665901057,40,94,4,73,114.84
Bhumi,13.073663962248412,80.26788679206973,39,188,3,17,242.255
The Banyan,13.061555179085936,80.17921360775146,20,115,1,35,169.975
Akshaya Trust,13.031404563172924,80.26799689508375,50,139,13,3,244.1
The Banyan,13.064161365597558,80.18372688083687,45,196,23,11,271.595
Sri Arunodayam,13.083295693593758,80.24181054843278,45,77,11,97,83.095
India Vision Institute,13.061546335952707,80.24992619181712,47,71,20,100,81.135
Nice Foundation,13.053414039774069,80.22880524424919,21,106,2,89,87.425
Life Help Centre,13.002438289699215,80.25310484004056,23,98,2,79,96.935
Mudhra,13.05454225285042,80.22511615437482,34,168,23,58,185.375
Bhumi,13.07658442229489,80.27678959224191,22,75,18,25,179.72
Mudhra,13.06013519595176,80.22441134010403,31,158,13,71,152.465
Akshaya Trust,13.030658910914736,80.25813200411726,37,186,6,21,236.985
Mudhra,13.060691668238311,80.23375049253835,32,123,22,36,195.99
Bhumi,13.077552017769976,80.27396469366475,34,150,7,68,146.225
The Banyan,13.062743210353048,80.18372144185935,56,124,21,51,183.24
India Vision Institute,13.060558476515428,80.24937466402972,33,159,16,80,142.28
Akshaya Trust,13.031938267193937,80.2677800187427,48,55,20,8,212.655
Ekam Foundation,13.052391514074383,80.21584977703904,56,178,2,38,213.875
Nice Foundation,13.053034583892003,80.22622407036918,53,141,13,77,145.315
Life Help Centre,13.003382196730389,80.25968499413564,27,106,22,91,100.94
Akshaya Trust,13.042544811704651,80.26696360176334,55,198,21,51,209.775
The Banyan,13.06886814010416,80.17488714266241,20,182,17,33,218.185
India Vision Institute,13.061513791508029,80.24208900458268,47,84,14,2,225.3
Mudhra,13.061392331050463,80.22441548132947,20,143,20,8,242.6
Ekam Foundation,13.057540817973653,80.2060735880515,47,78,9,28,183.245
The Banyan,13.066566851399218,80.17501549010444,27,78,19,10,206.355
Nice Foundation,13.056147436102052,80.2208939709597,22,178,19,72,162.945
Life Help Centre,12.997334942363272,80.2569509422774,54,151,22,10,259.155
Sri Arunodayam,13.078586369518158,80.25290142267292,49,141,9,53,174.095
Mudhra,13.06560455373576,80.23363044644944,43,164,3,14,244.79
Nice Foundation,13.054878676883195,80.22483920664496,62,84,17,67,137.74
The Banyan,13.07722957935991,80.18770502177732,57,133,1,6,236.51
Sri Arunodayam,13.070143112245043,80.25589881428746,63,190,4,89,144.425
India Vision Institute,13.068277672543667,80.23407971726644,49,174,3,49,190.825
Nice Foundation,13.05913337951046,80.21593675878225,51,103,22,52,169.535
Life Help Centre,12.999511720323046,80.26146999176616,32,112,2,57,144.155
Nice Foundation,13.040327186347922,80.21487071271164,38,90,8,46,154.07
India Vision Institute,13.060006747189794,80.2438766488456,35,97,10,83,100.685
Life Help Centre,13.000891659088452,80.25032833436443,65,198,7,55,192.58
Bhumi,13.0872188421619,80.26295679838489,59,193,4,76,161.455
The Banyan,13.060517017667708,80.17238441928434,31,94,4,47,148.65
Sri Arunodayam,13.07989936018837,80.24171583382272,29,50,24,5,208.315
Dean Foundation,13.081015635018542,80.25763399642898,22,156,10,25,214.025
India Vision Institute,13.062993915952214,80.24892860910244,45,195,20,70,181.17
India Vision Institute,13.075228262787794,80.24261297291613,27,134,1,85,109.05
Mudhra,13.052234542367977,80.22857598586323,54,200,1,63,182.35
Bhumi,13.07272331295024,80.2608556868279,42,76,16,89,94.325
Ekam Foundation,13.061904219354846,80.21187698646196,60,162,12,0,265.905
Life Help Centre,12.994568491250044,80.25510488352836,42,107,12,51,161.295
Nice Foundation,13.05228395253918,80.22797327690051,44,179,9,3,265.855
Nice Foundation,13.040307411315842,80.2270308750979,52,181,21,65,188.02
The Banyan,13.064457376133284,80.1862271813501,50,96,6,92,91.325
Akshaya Trust,13.04022831806553,80.26119008462757,64,90,16,77,126.24
Nice Foundation,13.044738838804872,80.21134047615689,62,116,19,41,189.835
Mudhra,13.06450354105644,80.22976693353318,47,67,4,5,206.845
Akshaya Trust,13.023918979314622,80.25780738784958,56,126,18,6,240.15
The Banyan,13.07386267098017,80.18836556704595,55,142,17,66,164.605
Ekam Foundation,13.052156711776112,80.20852771851025,64,147,9,86,136.655
Sri Arunodayam,13.085198446193347,80.25285022103532,27,119,24,14,223.94
The Banyan,13.061918126667097,80.17322267312561,55,168,19,14,258.055
Akshaya Trust,13.03850521097537,80.27021690726197,41,130,12,26,208.835
Life Help Centre,13.011060174778958,80.25630958702571,48,103,12,69,133.63
Life Help Centre,12.993073297116744,80.26149000702023,20,123,13,14,215.015
The Banyan,13.06325618835112,80.17632022589574,60,112,21,2,240.105
Ekam Foundation,13.057813482408475,80.21542357121477,44,182,18,19,251.475
Dean Foundation,13.08911498342892,80.2695331603558,24,126,4,37,181.415
Dean Foundation,13.08424798471136,80.26171300961558,65,67,10,86,94.75
Dean Foundation,13.098014295105935,80.26679499847864,50,155,7,73,149.65
Nice Foundation,13.047816163493202,80.21484743564028,65,125,19,50,188.04
Sri Arunodayam,13.075202596223695,80.25409406153112,29,59,14,62,115.505
Dean Foundation,13.09151152334654,80.25414437441702,59,106,8,100,89.605
Nice Foundation,13.05316492756907,80.22850924089393,56,112,24,25,212.11
Life Help Centre,12.998174314660936,80.25617218150472,61,160,7,51,189.175
Nice Foundation,13.059072401700767,80.22689281030561,55,68,22,65,128.71
Nice Foundation,13.05799030492594,80.22518887827235,42,109,8,91,96.895
Akshaya Trust,13.029833513827542,80.2762056767866,51,197,24,26,255.245
Dean Foundation,13.099061468331424,80.2510677389988,53,65,23,38,173.93
Mudhra,13.050570167956996,80.22846484735174,53,127,3,26,204.145
Ekam Foundation,13.052876272504385,80.2044430532312,33,140,19,48,181.385
India Vision Institute,13.072764388080971,80.23172119619554,53,65,20,14,205.54
Nice Foundation,13.056422016460498,80.2247200674793,64,169,21,55,199.13
India Vision Institute,13.064070479131187,80.2403361675222,23,173,14,74,159.105
Dean Foundation,13.08603100599355,80.25809034234136,21,76,13,10,198.63
Nice Foundation,13.055130940166965,80.22352265290007,47,177,21,59,192.015
Ekam Foundation,13.0482121561462,80.2097993332595,30,135,7,4,234.165
Dean Foundation,13.094863438192103,80.25007330928821,28,100,11,57,141.01
Akshaya Trust,13.039059447234626,80.27550599668213,54,119,22,40,195.13
Bhumi,13.08221422878744,80.27373085477879,41,132,1,18,211.21
Mudhra,13.06485329661203,80.22554984428187,29,97,4,38,163.25
Life Help Centre,13.006166237739327,80.24841875545911,21,195,1,28,217.945
Ekam Foundation,13.046366784948804,80.20049989288432,59,129,20,72,149.275
Sri Arunodayam,13.074307444870188,80.24843220953215,36,175,12,63,173.1
Akshaya Trust,13.040005354760384,80.27472468600625,61,113,12,34,190.065
Bhumi,13.087894214316606,80.26472742357277,58,83,17,84,109.665
Nice Foundation,13.040961851541882,80.2230043382812,23,120,18,5,230.475
Bhumi,13.079790548165091,80.27231089981753,40,160,15,6,260.51
Ekam Foundation,13.054711541038309,80.20625517152885,52,97,10,17,206.645
Nice Foundation,13.049618410720347,80.22346688536814,58,115,8,64,148.745
Life Help Centre,13.009373081720886,80.26272833866456,54,88,2,44,158.17
The Banyan,13.07130814842568,80.17601985909246,58,91,16,55,156.815
The Banyan,13.075335440042895,80.1735745576351,33,179,5,5,258.035
Mudhra,13.050855236605711,80.23910664990399,46,122,5,35,188.87
Bhumi,13.089848497838595,80.2729379284325,28,195,6,60,177.255
Akshaya Trust,13.039396176503947,80.27343876467263,60,103,22,57,165.77
Ekam Foundation,13.050750842036484,80.20810574906845,45,175,4,82,140.595
Bhumi,13.07532102373591,80.27015039852256,35,129,21,24,215.735
Ekam Foundation,13.049467463172409,80.21088086280726,23,178,10,76,150.495
India Vision Institute,13.07244469587592,80.23478478428602,20,104,2,2,212.28
Mudhra,13.061218360201002,80.23261370649095,30,139,10,11,229.88
Bhumi,13.091385182506604,80.27362019121325,52,156,19,48,196.605
Nice Foundation,13.054310182083686,80.22926368499456,42,113,22,49,174.135
Life Help Centre,13.00026538061656,80.26126869747085,33,140,17,77,140.525
Dean Foundation,13.080266819894566,80.25472945040121,34,155,11,31,209.445
Akshaya Trust,13.024919617195136,80.2629062865868,49,164,5,90,124.505
Nice Foundation,13.050386017050966,80.21091703870196,41,65,9,33,163.645
Sri Arunodayam,13.08121229783441,80.24264519265512,58,177,16,34,229.96
India Vision Institute,13.076504375444602,80.2449865610038,29,167,8,59,172.155
Life Help Centre,12.995408096325203,80.25512831567,60,50,24,35,170.195
India Vision Institute,13.061543608596349,80.23644014551776,61,167,24,8,273.505
India Vision Institute,13.07267261733302,80.23824283782827,46,71,5,83,94.8
Nice Foundation,13.046510458368738,80.21629529436018,39,150,20,95,121.305
Dean Foundation,13.0894534494478,80.25255831544061,52,95,4,29,182.895
Akshaya Trust,13.041968146914662,80.25753088460849,33,137,5,71,137.62
Ekam Foundation,13.04757057642257,80.20766208139402,41,117,11,22,206.2
Sri Arunodayam,13.085885701860391,80.24878863129008,28,164,10,84,135.27
Akshaya Trust,13.040352808933228,80.26559477043439,48,56,16,4,212.465
Sri Arunodayam,13.079054588422352,80.25776452347398,29,89,4,81,91.865
Ekam Foundation,13.053729713352444,80.21417372721439,21,124,19,100,93.775
Bhumi,13.081538834709493,80.26217279020884,25,190,17,16,248.56
India Vision Institute,13.077300203976945,80.23585451429051,65,158,1,29,217.74
Ekam Foundation,13.047719163588528,80.21375140340547,50,72,17,75,116.0
Life Help Centre,13.001417313874615,80.25538797558367,24,177,8,18,232.395
India Vision Institute,13.06754970617385,80.24059686159401,34,109,6,18,202.02
Akshaya Trust,13.023653104637855,80.26926189951227,55,167,18,12,261.765
Life Help Centre,12.996797969328478,80.24714601684187,61,112,3,0,235.965
Sri Arunodayam,13.072117561046444,80.24254682451456,50,136,18,34,207.865
India Vision Institute,13.06646389186692,80.24358832655432,62,168,3,26,228.28
Nice Foundation,13.050784027477272,80.21932910306823,20,196,20,43,213.435
India Vision Institute,13.062453787981818,80.23899478190843,45,97,22,94,97.175
Dean Foundation,13.087368320343982,80.26806866180725,51,139,9,62,160.32
Sri Arunodayam,13.07033753950354,80.2595472489555,49,94,18,18,206.13
India Vision Institute,13.07583486707486,80.23166709225426,31,180,8,25,226.165
Nice Foundation,13.044297881713309,80.2154135994134,56,158,17,85,146.095
Bhumi,13.082037176946242,80.277022037054,28,50,4,42,142.055
Mudhra,13.055996764075877,80.22382199485888,37,143,12,96,117.98
Akshaya Trust,13.033998658668288,80.25719092565573,39,50,6,34,154.25
Akshaya Trust,13.037393583723365,80.27195011844834,24,67,17,12,195.56
Akshaya Trust,13.031697919948558,80.27215961359165,24,106,21,97,92.165
The Banyan,13.061414911202256,80.1742052193683,29,88,5,58,129.98
The Banyan,13.065004518849326,80.17282033706955,34,168,10,32,212.31
Dean Foundation,13.082446252852876,80.25995008292232,51,120,1,44,174.375
Mudhra,13.061752847022913,80.23092977192246,42,62,11,47,143.645
India Vision Institute,13.065279244164415,80.23869345608328,31,140,22,100,115.305
The Banyan,13.069885913237105,80.18796158960052,21,105,1,0,214.25
Ekam Foundation,13.061590065656665,80.21453141259315,54,92,16,72,129.36
India Vision Institute,13.061779881925773,80.24942878804663,36,86,12,48,150.48
India Vision Institute,13.067467219938507,80.24071683859945,23,135,19,54,166.345
Life Help Centre,13.008698039004004,80.25137850895537,33,109,24,2,237.785
The Banyan,13.077803738045828,80.17692346585763,57,176,2,0,267.825
Dean Foundation,13.091262182717758,80.25566437340817,55,182,10,87,146.94
Sri Arunodayam,13.081101199650144,80.24394237643992,24,129,1,30,185.05
India Vision Institute,13.076451848547102,80.24012635913817,22,50,8,24,163.485
Nice Foundation,13.043165615335194,80.21667629475841,55,171,24,94,143.145
Mudhra,13.068274494826008,80.22311601000928,39,82,20,26,188.62
Ekam Foundation,13.053125314703172,80.21536228888938,22,90,21,72,126.345
Life Help Centre,13.002072217270804,80.25690814352097,31,107,18,30,188.875
Sri Arunodayam,13.0877807914193,80.25235838178963,65,111,22,69,152.99
Akshaya Trust,13.024239910254256,80.26073986640831,30,148,24,99,117.15
Bhumi,13.07869892371178,80.27226761947128,34,92,22,40,174.86
India Vision Institute,13.078696964383637,80.23708321581701,32,123,2,79,111.305
Nice Foundation,13.05100634619134,80.21396178894416,41,77,6,92,83.46
Life Help Centre,12.996820603098262,80.25198182669524,26,66,16,68,111.95
India Vision Institute,13.065483142698064,80.24346581161183,37,93,21,8,225.06
Ekam Foundation,13.05411063274216,80.20747914142294,44,133,9,38,190.88
Mudhra,13.063647569173996,80.23056495753121,62,108,14,41,185.37
Bhumi,13.074801364922568,80.26428098601463,56,162,21,30,233.24
India Vision Institute,13.07004141894489,80.23011759561132,23,66,17,13,192.515
Nice Foundation,13.049173207923404,80.22212929665189,53,58,7,43,150.93
Nice Foundation,13.050319972053131,80.22823511136532,46,188,6,57,188.105
Ekam Foundation,13.056221081309078,80.21522471747132,61,175,14,27,239.665
The Banyan,13.07419213155139,80.16890314881147,57,110,8,38,183.64
India Vision Institute,13.072430675052557,80.24858022572283,27,55,3,41,141.37
The Banyan,13.0735214630865,80.17372088155255,28,200,19,38,225.435
Dean Foundation,13.097714811550947,80.26186068299742,23,190,22,64,180.98
The Banyan,13.077453752459617,80.16996648521814,21,112,21,7,226.285
Ekam Foundation,13.061173857644746,80.21368037246359,60,67,2,51,140.45
India Vision Institute,13.072839313448547,80.24263838653889,22,127,22,79,125.03
Ekam Foundation,13.056051205810988,80.21578051464301,31,53,16,86,79.235
India Vision Institute,13.067811380690763,80.23731325237374,60,164,22,37,227.245
Dean Foundation,13.090342703596924,80.25961173979047,59,79,22,24,200.96
Ekam Foundation,13.045508955647705,80.21650852203337,44,132,10,56,164.205
Bhumi,13.07469188236816,80.26086415561313,53,183,24,22,257.485
Ekam Foundation,13.049835950193147,80.20959947282843,37,53,7,21,171.065
Akshaya Trust,13.042932498345372,80.26853819373557,46,145,4,34,200.385
Akshaya Trust,13.039306975146465,80.26671189695178,64,143,10,91,128.155
Mudhra,13.06710341646997,80.23044661611257,35,166,17,12,252.23
Akshaya Trust,13.0398962137928,80.2760009074925,56,182,18,47,214.45
Mudhra,13.055330802829694,80.23867127911724,28,199,6,94,128.93
Ekam Foundation,13.058873112002034,80.20461843611395,37,85,24,5,227.6
India Vision Institute,13.079297281546328,80.23045552197294,39,196,24,23,252.63
Nice Foundation,13.04878631890931,80.22982036628369,20,144,16,20,221.365
Mudhra,13.054206760137356,80.22580813035896,40,153,2,24,216.465
Life Help Centre,13.009671208199908,80.26572043633303,43,121,15,24,211.29
Ekam Foundation,13.06305389419058,80.21142539909488,50,80,11,95,86.63
Akshaya Trust,13.032778244699172,80.26941088629556,36,134,7,59,152.375
Mudhra,13.050897294573613,80.23664750301887,59,139,24,18,236.335
Bhumi,13.074131640051377,80.26339010053375,45,74,20,15,205.335
Ekam Foundation,13.060951659919066,80.21788634100514,51,84,4,43,158.7
Akshaya Trust,13.02831607101358,80.26628804750813,30,164,10,91,121.575
Dean Foundation,13.0821315964497,80.25699486553819,56,192,10,37,226.215
India Vision Institute,13.07849455194324,80.23740523254878,52,138,3,95,111.11
The Banyan,13.075618779570345,80.17977604431294,54,112,8,46,171.29
Dean Foundation,13.086440844343675,80.26690744413135,27,119,5,28,189.33
Mudhra,13.066071733446575,80.22625321523873,30,199,21,26,242.47
The Banyan,13.076976174892485,80.1765685753223,40,148,17,1,252.725
Sri Arunodayam,13.082985302584364,80.25635608800117,35,135,12,10,232.5
Nice Foundation,13.058668216542827,80.22289070507505,35,185,1,5,254.62
Nice Foundation,13.042569194418888,80.21877788374142,54,180,14,47,208.54
Mudhra,13.062191642044008,80.23672116959038,63,111,17,57,167.53
India Vision Institute,13.070818071819645,80.2471302854722,32,189,10,88,132.985
Nice Foundation,13.04910975716622,80.22144348915883,64,146,11,42,202.75
Ekam Foundation,13.051901350725831,80.21352446723951,62,73,10,57,139.34
Life Help Centre,13.00740492645113,80.26253185084526,21,131,1,33,180.71
Bhumi,13.082290544448142,80.27819040807528,50,106,18,93,97.3
The Banyan,13.063493418941652,80.1820433596067,27,191,2,15,239.895
Nice Foundation,13.052437917934991,80.2283744522414,30,87,14,98,79.18
Bhumi,13.080802837574709,80.26690619062516,29,51,4,37,150.055
The Banyan,13.070551279058968,80.17344352404733,34,86,11,50,147.92
Dean Foundation,13.083789960895226,80.26448276091729,44,182,3,90,130.845
Life Help Centre,13.002478609635222,80.25336469353726,35,148,1,87,120.035
Ekam Foundation,13.05645953286429,80.20206241043078,36,95,15,67,130.55
Mudhra,13.066745349552162,80.23013890871556,22,112,13,82,106.435
Sri Arunodayam,13.077113626160102,80.25398774943562,55,120,13,98,92.925
Akshaya Trust,13.037361014559204,80.25762397299411,53,178,3,62,177.33
Nice Foundation,13.052206742417589,80.21447488437212,56,153,12,78,148.735
Mudhra,13.061436466333156,80.23840339452433,21,191,2,29,214.77
Ekam Foundation,13.048284652763764,80.21791435463847,61,160,9,37,212.675
Life Help Centre,12.993202800904497,80.25698685062925,55,78,11,34,176.09
Nice Foundation,13.048895022851612,80.21083170716172,50,199,7,18,249.915
India Vision Institute,13.067261060280822,80.23986270124037,29,118,22,8,232.815
India Vision Institute,13.072519944068898,80.23278680588358,59,186,13,11,264.3
Nice Foundation,13.056385343071629,80.21346980005295,37,196,4,15,246.91
Dean Foundation,13.084379662337996,80.25835250992934,20,172,2,24,214.89
Bhumi,13.079188673398718,80.28069263548463,35,70,17,59,127.115
India Vision Institute,13.070791973076572,80.23426137498515,61,162,12,24,235.155
Ekam Foundation,13.048931847312195,80.21350146559662,40,54,24,57,133.87
Sri Arunodayam,13.087606730690748,80.24908513532515,56,118,13,12,231.555
Life Help Centre,12.994412313456449,80.25945036755118,23,183,5,81,138.99
Life Help Centre,13.000962493087568,80.24664902294955,38,165,14,25,231.2
Dean Foundation,13.08392168303222,80.26942669973879,57,52,11,81,92.395
Ekam Foundation,13.053844153674143,80.20394042160702,39,134,2,32,192.205
Ekam Foundation,13.052501086884211,80.20126724744512,47,53,17,89,82.595
Akshaya Trust,13.04032506224188,80.27466008671595,62,121,22,85,125.4
Sri Arunodayam,13.081200953865071,80.25480729256006,52,141,13,89,125.93
Mudhra,13.067073801747847,80.2251795618522,47,195,12,41,218.67
Bhumi,13.07916838440277,80.27445055305989,63,152,17,53,190.965
Mudhra,13.059596414721485,80.23280056532167,24,159,17,26,219.59
India Vision Institute,13.07305335358248,80.23685278492468,38,183,20,100,130.205
Dean Foundation,13.095999015682317,80.26631869623058,35,93,3,10,204.79
Life Help Centre,13.000773567457516,80.25998440103395,33,157,12,58,170.855
Dean Foundation,13.097707804385852,80.26806908112972,63,123,20,49,189.01
Bhumi,13.088477913805484,80.27035417656154,47,157,14,21,235.16
Nice Foundation,13.053494469353405,80.2173402854797,38,143,21,2,252.26
Sri Arunodayam,13.0895503285063,80.25289340136031,29,167,23,80,150.19
Sri Arunodayam,13.080968654358658,80.25587694468584,22,109,23,93,98.77
Nice Foundation,13.054700492761024,80.22917976777295,38,173,7,36,207.475
Life Help Centre,13.000192297467333,80.25462064838028,23,111,13,85,103.185
Ekam Foundation,13.049273798565288,80.20301380068521,33,91,9,93,83.105
The Banyan,13.065319101009695,80.17807097452538,62,193,14,64,190.63
The Banyan,13.078275110929686,80.17868316634565,62,51,7,86,90.475
Bhumi,13.088980185622631,80.26700710899361,23,59,15,26,172.625
Dean Foundation,13.092879769400902,80.2550313913776,55,174,2,1,264.785
The Banyan,13.065597142246622,80.18549886053971,21,73,10,18,182.28
Life Help Centre,13.003656756404782,80.25563931297675,51,188,20,98,140.775
Life Help Centre,13.011226617931785,80.2514216275115,28,101,12,75,116.77
Bhumi,13.084468864265276,80.27721130292629,63,70,20,77,119.885
Dean Foundation,13.094777364181535,80.25583203071133,26,159,21,60,172.755
Life Help Centre,12.994412208299645,80.24932760950587,61,136,1,68,145.39
Ekam Foundation,13.05177409770484,80.20754242460043,29,136,23,88,122.255
Sri Arunodayam,13.075575687497954,80.25701062735672,55,115,13,3,239.655
Mudhra,13.06090581429084,80.23525866749013,63,79,8,39,172.08
Mudhra,13.061618141169912,80.23517506303943,27,110,16,21,200.785
Life Help Centre,13.003660888995167,80.24734265020842,64,81,6,56,145.72
India Vision Institute,13.060156599983346,80.2367502233328,50,73,17,99,80.455
India Vision Institute,13.076229500182178,80.23700208273378,35,81,20,40,169.48
Dean Foundation,13.086662098206546,80.25963578958647,57,100,9,40,179.08
Dean Foundation,13.08996869384594,80.2615735592673,42,138,18,35,204.885
Mudhra,13.06151652936567,80.23897721085702,48,146,12,4,250.725
The Banyan,13.07610018302442,80.17659858866764,60,109,18,56,167.415
Sri Arunodayam,13.08162350297436,80.24863386943909,41,66,21,24,184.79
Sri Arunodayam,13.080003558341309,80.24366464804456,22,180,13,46,195.99
Ekam Foundation,13.059848353553411,80.20988380239552,37,104,7,5,219.58
Bhumi,13.08719219015545,80.26855051359637,20,179,7,33,207.755
Life Help Centre,13.008026555167444,80.25798723601042,57,124,2,49,171.625
India Vision Institute,13.060148021142483,80.24123135187877,23,81,3,74,97.2
India Vision Institute,13.075690028357911,80.23651319107005,29,167,16,10,253.695
Dean Foundation,13.090155917817436,80.26707576975924,21,113,18,94,96.03
India Vision Institute,13.062473085264022,80.24538031952721,21,69,15,63,115.735
Bhumi,13.08848551000694,80.26480587634654,48,69,19,2,219.895
Mudhra,13.052063194180509,80.23296553238323,65,80,6,55,145.855
Life Help Centre,13.00907752078592,80.26282868058436,43,129,15,87,119.94
Nice Foundation,13.046458358352918,80.21291906577083,48,124,19,20,223.005
India Vision Institute,13.071753558079225,80.23436342856107,22,121,21,40,189.11
Akshaya Trust,13.040786468928053,80.27181728989261,30,77,10,3,211.19
Nice Foundation,13.040041223979692,80.22493149075457,63,66,9,57,136.725
Bhumi,13.074090074689613,80.27412757961866,49,132,11,33,197.965
Bhumi,13.083267583856966,80.26824858604272,51,113,15,27,204.955
Nice Foundation,13.041714583507162,80.21096662678815,22,160,11,36,200.665
Sri Arunodayam,13.08983810056372,80.2554246462352,23,98,6,93,79.12
Bhumi,13.091791887105526,80.27779168386971,23,166,7,98,108.9
Nice Foundation,13.049526916878037,80.22167869880501,41,191,11,12,259.58
India Vision Institute,13.06445230756642,80.23796006552399,37,158,10,35,205.42
Mudhra,13.052218858105622,80.22021598162813,59,172,23,95,143.95
India Vision Institute,13.068015335237344,80.2383969108853,58,56,8,5,209.7
Ekam Foundation,13.051550496579232,80.2116368004361,34,74,7,70,108.97
Mudhra,13.059660313935586,80.23632386742325,36,153,17,76,148.04
Mudhra,13.068411518613727,80.2392374436328,27,104,10,1,221.09
Bhumi,13.078053998521218,80.26437107583835,62,56,18,19,193.885
Mudhra,13.063632583059045,80.23665628166198,48,141,14,75,146.8
Dean Foundation,13.086305902537145,80.25133877607685,59,77,13,2,224.055
Ekam Foundation,13.063547497617852,80.20932699629685,46,127,2,66,143.825
India Vision Institute,13.07942919796204,80.23528687465932,55,134,13,64,160.34
Sri Arunodayam,13.08422304622027,80.25440286179553,20,91,21,41,166.355
Ekam Foundation,13.050680095403225,80.20417581046694,39,68,3,29,164.675
Ekam Foundation,13.049310442212883,80.20556960117051,63,186,17,14,264.575
Nice Foundation,13.054971320336035,80.21545004746486,28,68,11,17,184.36
Bhumi,13.08124021604271,80.26951160513828,28,76,24,45,159.01
India Vision Institute,13.073928187703531,80.24145009446939,23,82,14,40,165.815
Ekam Foundation,13.06011656708808,80.216916536993,21,65,12,94,67.44
Sri Arunodayam,13.072119035375444,80.25202774031142,63,85,14,54,156.195
Sri Arunodayam,13.079781171995768,80.25437092045559,65,138,8,78,143.25
Akshaya Trust,13.026287519425887,80.27097687590599,59,194,17,38,233.345
Bhumi,13.073564434303892,80.26080102881288,31,96,17,48,157.44
Dean Foundation,13.089589615500689,80.26875254430585,64,95,17,40,185.415
Bhumi,13.08092633881392,80.27237961042773,21,116,23,95,97.875
The Banyan,13.070367485117616,80.1812869839881,37,62,3,24,169.19
Sri Arunodayam,13.080270938520064,80.25369440093196,30,96,23,3,229.415
Dean Foundation,13.081131763248672,80.2693682993158,53,110,3,27,195.58
Dean Foundation,13.092015961519834,80.2606802755153,62,175,10,55,195.27
Dean Foundation,13.089651828962436,80.2663005149057,57,74,18,78,117.465
India Vision Institute,13.073229973462883,80.23431119447378,27,190,9,3,262.465
Ekam Foundation,13.059373135232224,80.2087624298873,60,177,14,64,185.635
India Vision Institute,13.075260562453089,80.24462257510535,38,172,13,63,173.325
Dean Foundation,13.099760094480756,80.26792987871474,57,133,11,74,144.9
Akshaya Trust,13.038316376136644,80.26417024117656,52,161,21,57,188.775
Bhumi,13.091629663113348,80.27230092739627,51,139,8,13,235.04
Life Help Centre,13.00683605454534,80.2542244336798,56,141,1,47,179.91
India Vision Institute,13.07105023642609,80.24616055639382,27,141,10,73,138.175
Sri Arunodayam,13.070359086919192,80.2450176986975,63,200,8,99,141.26
The Banyan,13.077771221077898,80.17779317232684,35,133,12,7,235.145
Nice Foundation,13.050288790599518,80.22407750107894,61,135,23,10,246.66
Nice Foundation,13.042752290726694,80.2261014834739,40,81,13,45,159.87
Ekam Foundation,13.059339315633377,80.21784122557187,56,93,6,55,148.62
Ekam Foundation,13.05030573392944,80.20148153927462,23,162,7,17,227.645
Akshaya Trust,13.041351609483735,80.25784572788214,46,173,19,53,198.56
Akshaya Trust,13.029227483347263,80.26919480581346,65,50,5,78,97.54
Akshaya Trust,13.03968212633762,80.27296009778689,56,179,6,72,163.26
The Banyan,13.063948492644643,80.18088794038209,54,101,11,78,121.68
The Banyan,13.078185747817914,80.16946346849322,23,126,17,41,182.435
The Banyan,13.073858899167607,80.17919434447963,26,155,16,27,217.59
India Vision Institute,13.073233171964604,80.23941558637112,57,104,2,14,212.055
Mudhra,13.060136470017964,80.2333316768599,34,133,3,22,203.39
India Vision Institute,13.075307266085156,80.23314841674573,30,108,3,27,187.085
Nice Foundation,13.044387895900526,80.21358536464717,28,110,4,85,97.15
Dean Foundation,13.084266065060133,80.25714347974342,33,90,16,4,221.46
Akshaya Trust,13.02437361467443,80.27569754983503,34,104,13,33,183.15
Life Help Centre,13.006472114830176,80.25001771816737,22,113,22,18,211.97
Bhumi,13.075436386395804,80.26363979027268,46,194,22,66,190.73
Ekam Foundation,13.059988861943504,80.21340764529967,23,177,7,19,229.95
Dean Foundation,13.090033817970374,80.25794330646494,42,193,14,61,187.335
Akshaya Trust,13.029160650748103,80.262440000666,32,130,13,100,96.7
The Banyan,13.078589405292291,80.17907329036194,44,130,4,96,97.585
Nice Foundation,13.058122573584363,80.21947991803661,41,171,24,77,164.215
Ekam Foundation,13.058123948759714,80.20718175158282,45,109,8,31,187.835
The Banyan,13.078465893337729,80.18649780082302,50,197,13,92,145.58
Nice Foundation,13.059415469815889,80.21854439366288,60,108,10,70,137.255
Sri Arunodayam,13.07792862679132,80.25408827050035,37,95,7,11,209.64
The Banyan,13.060086096064529,80.18355585380581,35,59,5,59,115.97
Dean Foundation,13.08369888894694,80.26416562040438,29,131,21,38,193.555
Mudhra,13.058628849637726,80.22135572444532,30,176,17,34,218.555
Sri Arunodayam,13.081158640006027,80.25847844210763,65,80,3,100,83.29
India Vision Institute,13.064367336036655,80.23073690169713,53,164,2,2,260.86
Nice Foundation,13.058183826119269,80.21868692941183,63,196,5,6,274.035
India Vision Institute,13.078536839911932,80.24410361272274,23,163,11,28,213.415
Sri Arunodayam,13.071062994753824,80.2503859890486,28,197,4,23,232.85
Akshaya Trust,13.023378492954803,80.26731776666067,37,177,18,64,178.58
The Banyan,13.062930082731432,80.1842304699247,65,76,8,6,217.885
Nice Foundation,13.055461648115646,80.2244709594197,53,92,4,21,194.06
Mudhra,13.064598357536315,80.2200290702027,40,146,24,69,154.935
Akshaya Trust,13.041820024277383,80.25955679597114,30,54,17,68,112.675
Akshaya Trust,13.032460013628835,80.25837074547835,35,177,13,40,208.645
The Banyan,13.069870560608928,80.17417920447033,49,162,18,0,270.385
The Banyan,13.061861002956658,80.18328828309646,50,72,9,31,171.62
Nice Foundation,13.048175927421928,80.2218445891362,58,136,23,78,152.3
Dean Foundation,13.09844427966243,80.26090054060627,57,54,8,89,82.53
Bhumi,13.079243932345074,80.27700336958583,23,142,15,41,187.18
Nice Foundation,13.051230378189192,80.2105381908789,43,105,19,38,186.895
Bhumi,13.086337075636632,80.279017213266,21,187,9,37,209.825
India Vision Institute,13.07475523640814,80.24727712110963,42,51,19,23,178.62
Nice Foundation,13.049738576692246,80.22962931302033,47,66,20,57,140.605
Sri Arunodayam,13.080308617525692,80.24218722579587,23,200,23,5,274.2
Mudhra,13.050662715946938,80.23959472780619,37,87,8,25,180.25
Life Help Centre,13.010804196395906,80.25171246095708,59,191,4,41,216.81
